"Data";"Concessões - Total";"Concessões - Pessoas jurídicas - Total";"Concessões - Pessoas físicas - Total";"Concessões - Total - Recursos livres";"Concessões - Pessoas jurídicas - Total - Recursos livres";"Concessões - Pessoas jurídicas - Não rotativo - Recursos livres";"Concessões - Pessoas jurídicas - Rotativo - Recursos livres";"Concessões - Pessoas jurídicas - Desconto de duplicatas e recebíveis - Recursos livres";"Concessões - Pessoas jurídicas - Desconto de cheques - Recursos livres";"Concessões - Pessoas jurídicas - Antecipação de faturas de cartão de crédito - Recursos livres";"Concessões - Pessoas jurídicas - Capital de giro com prazo de até 365 dias - Recursos livres";"Concessões - Pessoas jurídicas - Capital de giro com prazo superior a 365 dias - Recursos livres";"Concessões - Pessoas jurídicas - Capital de giro rotativo - Recursos livres";"Concessões - Pessoas jurídicas - Capital de giro total - Recursos livres";"Concessões - Pessoas jurídicas - Conta garantida - Recursos livres";"Concessões - Pessoas jurídicas - Cheque especial - Recursos livres";"Concessões - Pessoas jurídicas - Aquisição de veículos - Recursos livres";"Concessões - Pessoas jurídicas - Aquisição de outros bens - Recursos livres";"Concessões - Pessoas jurídicas - Aquisição de bens total - Recursos livres";"Concessões - Pessoas jurídicas - Arrendamento mercantil de veículos - Recursos livres";"Concessões - Pessoas jurídicas - Arrendamento mercantil de outros bens - Recursos livres";"Concessões - Pessoas jurídicas - Arrendamento mercantil total - Recursos livres";"Concessões - Pessoas jurídicas - Vendor - Recursos livres";"Concessões - Pessoas jurídicas - Compror - Recursos livres";"Concessões - Pessoas jurídicas - Cartão de crédito rotativo - Recursos livres";"Concessões - Pessoas jurídicas - Cartão de crédito parcelado - Recursos livres";"Concessões - Pessoas jurídicas - Cartão de crédito à vista - Recursos livres";"Concessões - Pessoas jurídicas - Cartão de crédito total - Recursos livres";"Concessões - Pessoas jurídicas - Adiantamento sobre contratos de câmbio (ACC) - Recursos livres";"Concessões - Pessoas jurídicas - Financiamento a importações - Recursos livres";"Concessões - Pessoas jurídicas - Financiamento a exportações - Recursos livres";"Concessões - Pessoas jurídicas - Repasse externo - Recursos livres";"Concessões - Pessoas jurídicas - Outros créditos livres - Recursos livres";"Concessões - Pessoas físicas - Total - Recursos livres";"Concessões - Pessoas físicas - Não rotativo - Recursos livres";"Concessões - Pessoas físicas - Rotativo - Recursos livres";"Concessões - Pessoas físicas - Cheque especial - Recursos livres";"Concessões - Pessoas físicas - Crédito pessoal não consignado - Recursos livres";"Concessões - Pessoas físicas - Crédito pessoal não consignado vinculado à composição de dívidas - Recursos livres";"Concessões - Pessoas físicas - Crédito pessoal consignado para trabalhadores do setor privado - Recursos livres";"Concessões - Pessoas físicas - Crédito pessoal consignado para trabalhadores do setor público - Recursos livres";"Concessões - Pessoas físicas - Crédito pessoal consignado para aposentados e pensionistas do INSS - Recursos livres";"Concessões - Pessoas físicas - Crédito pessoal consignado total - Recursos livres";"Concessões - Pessoas físicas - Crédito pessoal total - Recursos livres";"Concessões - Pessoas físicas - Aquisição de veículos - Recursos livres";"Concessões - Pessoas físicas - Aquisição de outros bens - Recursos livres";"Concessões - Pessoas físicas - Aquisição de bens total - Recursos livres";"Concessões - Pessoas físicas - Arrendamento mercantil de veículos - Recursos livres";"Concessões - Pessoas físicas - Arrendamento mercantil de outros bens - Recursos livres";"Concessões - Pessoas físicas - Arrendamento mercantil total - Recursos livres";"Concessões - Pessoas físicas - Cartão de crédito rotativo - Recursos livres";"Concessões - Pessoas físicas - Cartão de crédito parcelado - Recursos livres";"Concessões - Pessoas físicas - Cartão de crédito à vista - Recursos livres";"Concessões - Pessoas físicas - Cartão de crédito total - Recursos livres";"Concessões - Pessoas físicas - Desconto de cheques - Recursos livres";"Concessões - Pessoas físicas - Outros créditos livres - Recursos livres";"Concessões - Total - Recursos direcionados";"Concessões - Pessoas jurídicas - Total - Recursos direcionados";"Concessões - Pessoas jurídicas - Crédito rural com taxas de mercado - Recursos direcionados";"Concessões - Pessoas jurídicas - Crédito rural com taxas reguladas - Recursos direcionados";"Concessões - Pessoas jurídicas - Crédito rural total - Recursos direcionados";"Concessões - Pessoas jurídicas - Financiamento imobiliário com taxas de mercado - Recursos direcionados";"Concessões - Pessoas jurídicas - Financiamento imobiliário com taxas reguladas - Recursos direcionados";"Concessões - Pessoas jurídicas - Financiamento imobiliário total - Recursos direcionados";"Concessões - Pessoas jurídicas - Capital de giro com recursos do BNDES - Recursos direcionados";"Concessões - Pessoas jurídicas - Financiamento de investimentos com recursos do BNDES - Recursos direcionados";"Concessões - Pessoas jurídicas - Financiamento agroindustrial com recursos do BNDES - Recursos direcionados";"Concessões - Pessoas jurídicas - Financiamento com recursos do BNDES total - Recursos direcionados";"Concessões - Pessoas jurídicas - Outros créditos direcionados - Recursos direcionados";"Concessões - Pessoas físicas - Total - Recursos direcionados";"Concessões - Pessoas físicas - Crédito rural com taxas de mercado - Recursos direcionados";"Concessões - Pessoas físicas - Crédito rural com taxas reguladas - Recursos direcionados";"Concessões - Pessoas físicas - Crédito rural total - Recursos direcionados";"Concessões - Pessoas físicas - Financiamento imobiliário com taxas de mercado - Recursos direcionados";"Concessões - Pessoas físicas - Financiamento imobiliário com taxas reguladas - Recursos direcionados";"Concessões - Pessoas físicas - Financiamento imobiliário total - Recursos direcionados";"Concessões - Pessoas físicas - Capital de giro com recursos do BNDES - Recursos direcionados";"Concessões - Pessoas físicas - Financiamento de investimentos com recursos do BNDES - Recursos direcionados";"Concessões - Pessoas físicas - Financiamento agroindustrial com recursos do BNDES - Recursos direcionados";"Concessões - Pessoas físicas - Financiamento com recursos do BNDES total - Recursos direcionados";"Concessões - Pessoas físicas - Microcrédito destinado a consumo - Recursos direcionados";"Concessões - Pessoas físicas - Microcrédito destinado a microempreendedores - Recursos direcionados";"Concessões - Pessoas físicas - Microcrédito total - Recursos direcionados";"Concessões - Pessoas físicas - Outros créditos direcionados - Recursos direcionados"
2011-03-01;215654;125022;90632;192480;111138;68618;42520;10861;4665;1771;8636;10673;3543;22853;22469;18579;1084;243;1327;499;501;1000;2328;6819;891;24;1472;2386;7723;526;1440;798;6507;81342;26690;54653;23978;6198;1466;813;5378;2711;8902;15100;8276;724;9000;331;12;343;12798;2354;30674;45827;286;1961;23174;13885;1420;2730;4150;335;1632;1967;50;6007;156;6213;1554;9289;39;2523;2562;792;5049;5841;0;116;404;520;64;256;320;47
2011-04-01;203722;117618;86104;181292;104922;64592;40330;10222;4336;1659;7791;9403;3349;20543;21663;17277;1031;248;1280;471;415;887;2034;5839;908;22;1390;2321;8120;408;3168;502;5595;76370;25006;51364;22810;5871;1474;804;5047;2304;8154;14025;7837;655;8492;416;2;418;13665;1540;28554;43759;268;1804;22430;12696;1082;1894;2976;207;1355;1562;92;6592;115;6799;1359;9734;45;2932;2977;726;5092;5818;0;120;433;554;67;266;333;52
2011-05-01;227829;129405;98424;202150;115169;71608;43561;10963;4757;1948;8916;11683;4160;24759;23136;19173;1148;278;1426;546;598;1144;2226;7104;989;28;1252;2269;8512;550;2007;582;5631;86981;28626;58355;25500;6663;2128;929;5800;2779;9507;16170;8691;745;9435;701;4;706;12861;1716;32854;47431;338;1978;25679;14236;1234;1928;3162;178;1549;1727;187;7528;156;7871;1476;11443;54;3633;3687;887;5906;6793;0;101;397;499;43;305;348;117
2011-06-01;229876;132130;97746;200623;115286;72689;42597;10715;4441;1832;10209;11684;4435;26328;23065;18288;1202;269;1471;472;435;907;2123;7070;1055;23;1244;2323;7373;459;2330;509;7132;85337;28068;57269;24763;6786;2033;929;6064;2424;9417;16203;8193;696;8889;617;9;625;12652;1710;32505;46867;330;2020;29253;16843;1863;2122;3985;391;1775;2166;252;8587;112;8950;1742;12410;68;4209;4277;827;6235;7062;0;99;531;629;26;305;331;110
2011-07-01;222347;126754;95593;193708;109709;67409;42300;10481;4371;1777;9264;10532;3723;23518;22876;17910;1220;436;1656;451;795;1247;1944;6428;1260;25;1514;2800;8066;385;1414;557;5565;84000;26992;57007;24016;6327;1981;1022;6020;2158;9200;15527;8080;693;8774;588;8;595;12047;1757;32992;46796;279;1817;28639;17045;157;2199;2355;236;1569;1805;388;11079;188;11655;1230;11593;49;3283;3332;874;6371;7245;1;110;516;627;19;279;298;93
2011-08-01;249440;142386;107054;216250;124513;79752;44761;11129;4784;1988;9159;18260;4261;31680;23442;19285;1324;434;1758;422;551;974;2263;7094;935;26;2034;2995;8970;566;2442;338;5766;91737;29650;62087;26507;7061;2084;917;6771;2483;10171;17232;9305;762;10067;323;11;334;11774;1906;35580;49260;312;1707;33191;17873;418;3564;3983;553;1532;2085;225;9646;155;10025;1780;15317;40;6244;6284;985;7181;8166;1;112;312;425;21;309;330;113
2011-09-01;233041;130645;102395;202974;114845;72561;42284;11123;4395;1890;8916;10506;4346;23769;22186;18055;1280;543;1823;390;524;914;2292;6807;1025;31;2043;3099;9383;451;2481;509;6726;88129;27866;60263;24901;6630;1727;852;6298;2434;9583;16214;8869;692;9561;170;7;178;13823;1903;35362;51088;300;1613;30067;15800;833;2713;3547;429;1389;1818;199;8465;249;8913;1522;14267;82;5882;5964;893;6345;7238;1;114;508;623;22;281;303;139
2011-10-01;222498;124212;98285;195452;108814;66203;42611;11017;4195;1940;8482;10246;4187;22915;22202;18268;1144;314;1457;362;584;945;2248;6182;1145;20;2141;3306;6074;500;1560;415;6755;86639;25755;60884;25660;6390;1866;766;5316;2195;8278;14668;8241;709;8950;126;8;134;14184;1665;35224;51073;301;1702;27045;15398;472;2286;2758;249;1371;1621;336;8730;501;9566;1453;11647;49;4664;4713;723;5294;6017;0;97;339;436;34;312;346;135
2011-11-01;241472;137630;103843;209103;118129;75031;43098;11430;4456;2097;9398;12849;4735;26981;22080;18569;1224;807;2031;364;426;789;2130;6774;1085;21;2449;3555;6276;591;4332;299;6843;90974;29025;61949;25761;6999;2079;745;6973;2390;10108;17107;8878;748;9626;148;7;155;13051;1965;36189;51205;315;1823;32369;19501;795;2082;2877;417;1546;1962;360;12273;186;12818;1843;12869;57;4492;4550;839;6217;7056;0;92;556;647;49;437;486;130
2011-12-01;269534;159451;110083;229394;132764;88364;44400;11558;4405;2223;11711;15118;5111;31941;24097;18405;1357;982;2339;409;614;1023;2307;8577;1049;22;1898;2969;7538;651;4061;464;11275;96629;27653;68977;25252;6865;2124;694;5362;2179;8235;15100;9289;985;10274;155;8;163;12536;2264;43724;58524;300;1815;40141;26687;1298;2199;3497;391;1704;2094;568;16520;153;17241;3854;13454;78;4502;4580;800;6643;7443;0;93;647;740;37;498;535;157
2012-01-01;214365;116230;98134;192708;105158;61821;43337;9964;4159;2274;6958;9205;3405;19567;22630;18868;1030;299;1329;335;455;790;1718;5335;863;21;1839;2723;7030;475;2831;261;6087;87551;25760;61791;25230;6777;1935;851;4927;2836;8614;15390;7638;740;8378;117;2;119;12770;2101;36560;51430;286;1586;21656;11072;458;1197;1656;198;1510;1708;484;5655;71;6209;1499;10584;61;2563;2624;796;5985;6781;0;181;526;708;32;333;365;106
2012-02-01;204149;111611;92539;182427;99526;59685;39841;10209;3958;1960;7530;9212;3240;19982;20730;17323;1011;468;1479;347;359;706;1586;5627;841;20;1788;2649;6010;423;1855;350;5540;82900;24572;58328;24547;6580;1667;839;4791;2957;8587;15167;6765;643;7409;101;2;103;12765;1992;33781;48538;261;1632;21723;12084;326;1463;1789;401;1525;1926;426;6625;79;7131;1239;9638;34;2486;2520;679;5390;6069;0;160;428;588;25;337;362;100
2012-03-01;241689;139145;102544;215826;125467;81178;44289;12332;4444;2045;10346;11717;4508;26571;22956;19315;1323;683;2006;382;452;834;1921;7174;899;27;2018;2944;10366;513;4324;681;7966;90358;27510;62848;26280;7548;2296;952;5615;2607;9173;16722;7719;732;8452;117;4;121;12914;2163;36569;51646;285;1930;25863;13677;806;1905;2711;403;1869;2272;322;7371;258;7951;743;12186;66;3185;3251;809;7035;7844;0;111;446;557;30;415;445;88
2012-04-01;232678;131809;100869;207523;117905;74585;43320;11333;4252;2054;9660;11385;4573;25618;22600;18785;1131;252;1383;341;387;728;1745;5934;1029;22;1935;2986;10928;540;2460;789;6823;89618;26619;62999;26082;7261;2140;987;6201;2594;9783;17044;6651;724;7375;81;3;85;12937;1957;36917;51811;269;1847;25155;13904;786;1861;2647;353;1567;1920;540;7703;302;8545;791;11251;96;3547;3643;661;5830;6490;0;102;454;556;29;424;453;108
2012-05-01;255850;145295;110556;226037;129483;84379;45104;11978;4642;2289;9925;14969;5604;30497;23497;19551;1210;260;1470;316;411;727;1731;8478;1039;25;2056;3120;9265;1407;4299;790;6807;96553;30812;65742;26792;8113;2828;1227;7916;2956;12098;20211;7411;861;8272;120;7;126;12994;2015;38949;53958;337;1865;29814;15811;769;1861;2631;431;1660;2091;306;7923;105;8334;2755;14002;106;4841;4948;757;7028;7785;0;136;461;597;31;513;544;129
2012-06-01;244247;141554;102693;214348;126160;84323;41837;11910;4199;2166;8232;16119;5288;29639;21767;18339;1250;386;1636;282;363;645;1786;8274;1181;21;1731;2933;7283;1575;4038;1495;9679;88188;30083;58105;25110;7489;2797;1086;7339;2839;11265;18754;8416;758;9174;151;12;163;14104;1820;32995;48919;309;1683;29899;15393;1073;1909;2982;776;1905;2681;818;7359;158;8335;1396;14506;190;4924;5114;901;7257;8158;0;136;375;511;26;493;519;203
2012-07-01;242241;138465;103776;210938;120018;75619;44399;11973;4438;2313;8789;11071;4636;24496;23111;19407;1140;296;1436;302;417;718;1775;7408;1096;26;1881;3004;8751;723;3629;610;7350;90920;28655;62264;26345;6890;2890;1034;6862;2725;10622;17512;8269;825;9094;88;7;95;12977;1893;35919;50789;292;1662;31303;18446;345;2287;2632;520;1596;2116;1295;11088;331;12715;984;12857;84;3042;3125;1022;7456;8478;0;205;493;698;26;445;470;86
2012-08-01;254479;144480;109999;215755;124494;80327;44167;12868;4719;2353;8499;12851;5292;26643;22709;19543;1243;415;1658;260;384;644;1998;7856;1071;28;1915;3014;9427;734;2439;808;8180;91261;31343;59918;26202;7159;3145;1108;7923;2615;11646;18805;9456;851;10307;101;4;105;13317;1821;33717;48855;336;1791;38724;19987;486;4351;4838;379;1780;2158;2489;9216;149;11853;1137;18738;108;7432;7540;1247;8464;9711;0;227;630;857;29;504;532;96
2012-09-01;235073;135395;99678;199684;115222;75182;40040;11984;3987;2138;8357;12127;4519;25004;20418;17350;980;389;1369;268;676;944;1982;6170;1087;30;2272;3389;7725;432;3547;541;9360;84462;23816;60646;23624;6045;2381;951;5869;1948;8767;14812;6312;712;7024;50;3;54;14031;1687;37022;52740;287;1638;35389;20173;1377;3454;4831;543;1557;2101;1530;10449;155;12134;1107;15216;90;6274;6364;1049;6606;7656;0;172;462;634;28;429;457;105
2012-10-01;272112;153143;118968;231345;130091;85000;45091;12931;4760;2568;10019;14358;5273;29651;22705;19963;1089;526;1614;297;574;871;2239;7440;1121;30;2423;3574;7547;571;5445;417;8945;101255;29858;71397;27170;7272;2811;1104;7306;2786;11196;18468;8198;889;9087;66;3;69;14079;1975;44227;60281;340;1894;40766;23053;1712;3452;5164;801;1878;2679;1894;11269;227;13390;1820;17714;133;6581;6714;1314;7976;9290;0;259;510;769;206;570;776;165
2012-11-01;255426;142492;112933;219250;123423;79938;43485;13196;4454;2534;9576;13365;5477;28418;21997;18927;1058;319;1378;227;460;687;2212;7694;1349;31;2561;3941;6865;542;3027;734;8198;95827;27449;68378;26226;6794;2794;941;6495;2658;10093;16887;7605;833;8438;48;1;50;13901;1965;42153;58019;306;1768;36176;19069;954;2484;3438;515;1701;2215;926;10950;204;12080;1335;17106;115;6245;6360;1171;7483;8654;0;317;774;1091;186;617;802;199
2012-12-01;291095;170949;120146;233730;132502;89290;43212;13779;4230;2513;11937;15863;6381;34181;22379;18117;1071;658;1729;243;590;833;2061;8033;1357;37;2716;4110;5611;601;2046;2741;10933;101228;26315;74913;25030;6627;2625;741;5498;2226;8466;15093;8409;979;9388;62;10;72;14116;1975;49883;65975;281;1482;57365;38447;1307;2492;3800;834;1584;2418;1209;27944;204;29357;2872;18918;140;7410;7550;1143;8113;9256;0;396;721;1117;162;624;786;209
2013-01-01;239834;127202;112632;210573;111507;66760;44747;12498;4280;2682;7395;9890;4845;22130;22644;19902;854;340;1194;184;684;868;1982;6129;1330;30;2201;3562;5046;607;1366;2213;5766;99066;28898;70168;26147;7199;2523;1030;6741;3581;11352;18551;7715;806;8521;50;4;55;14742;1982;44021;60745;298;1474;29261;15695;599;1268;1867;521;1378;1900;832;9852;134;10818;1110;13566;79;2649;2728;1287;7676;8963;0;476;699;1175;124;506;631;69
2013-02-01;226768;123975;102793;196797;106469;66770;39699;12013;3842;2243;7532;9922;4440;21893;19891;17786;869;426;1295;164;451;615;1910;5008;1282;29;2022;3333;6099;416;4915;230;6290;90327;26687;63641;24850;6273;2196;961;6794;3914;11669;17941;6466;650;7116;32;4;36;15016;1860;38791;55666;251;1343;29971;17506;926;1935;2861;336;1392;1729;1011;7456;125;8592;4324;12465;57;2734;2791;1143;6703;7846;9;348;801;1158;112;458;570;100
2013-03-01;253830;141873;111957;217079;121380;79108;42272;14049;4031;2293;8447;12365;5074;25886;20289;18511;997;598;1595;193;492;686;2101;6557;1296;39;3472;4807;7806;478;4584;251;8793;95699;29560;66139;25146;7070;2409;1086;7681;3572;12339;19409;7093;735;7828;40;4;44;14839;2006;40992;57838;256;2023;36750;20492;1416;1844;3260;464;1694;2158;1745;10886;221;12853;2222;16258;80;4379;4459;1449;8392;9841;10;278;900;1187;102;535;638;133
2013-04-01;269990;146857;123133;229352;124546;80217;44329;14309;4382;2665;8187;11643;5674;25505;21526;20334;1175;354;1529;266;326;593;2091;7047;1452;49;2469;3970;7331;398;5934;366;8069;104806;32463;72343;27941;7657;2699;1218;8694;3703;13615;21272;7663;833;8496;49;5;54;15086;2323;44402;61811;264;2377;40638;22311;627;2193;2820;654;1478;2132;2010;13667;277;15954;1404;18327;100;5248;5348;1654;9172;10826;12;457;875;1344;97;592;688;121
2013-05-01;285961;161430;124531;240857;135857;91544;44313;14624;4287;3327;8010;12348;6024;26382;21508;19940;1176;371;1548;261;476;737;1884;7359;1469;47;2865;4381;10365;473;11141;370;9048;104999;32386;72613;27084;7699;3102;1215;8606;3769;13591;21290;7444;870;8314;53;4;57;15464;2348;45529;63342;274;2452;45104;25573;1374;2389;3763;647;1864;2512;1127;15780;157;17064;2235;19531;125;5964;6089;1684;9752;11436;6;309;781;1096;93;635;728;183
2013-06-01;278819;158939;119879;224480;127429;85069;42360;15554;3988;3354;8485;13783;6190;28457;20693;18596;1085;301;1386;243;337;580;2030;6888;1493;43;3071;4607;8293;624;2978;1540;9396;97051;30115;66936;25542;6887;2640;1132;8456;3239;12828;19715;6958;778;7736;71;4;75;15073;2104;41394;58570;255;2334;54339;31510;8318;3415;11733;655;1799;2455;689;13886;176;14751;2572;22828;138;8962;9100;1683;9894;11576;2;195;686;883;85;684;769;499
2013-07-01;266075;139441;126634;228693;121126;75564;45562;14874;4277;3397;7137;11842;4882;23861;22704;20334;1076;354;1429;250;349;599;1812;6566;1513;45;2524;4083;7447;695;2231;668;7707;107567;31537;76031;27854;7080;2603;1132;8441;3378;12951;20031;7869;873;8743;72;3;74;15150;2204;48176;65530;256;2432;37382;18315;703;2143;2847;676;1859;2535;553;11187;184;11924;1010;19067;86;4935;5021;1814;10185;11999;3;258;643;903;38;606;643;500
2013-08-01;272139;144479;127660;227021;121301;77702;43599;14779;4178;3397;7318;10488;5472;23278;21310;19898;1138;517;1655;254;557;811;2079;7162;1606;57;2391;4054;8107;618;2514;582;8540;105721;33121;72599;27030;7136;2601;1178;9451;3413;14042;21179;8265;850;9114;67;2;69;15786;2378;45569;63734;251;2508;45118;23178;965;3031;3996;1195;1974;3170;329;12693;179;13202;2811;21940;96;8496;8592;1826;9478;11305;3;302;643;948;37;680;716;380
2013-09-01;268855;146550;122305;227163;124721;82561;42160;16654;3894;3398;7502;10115;5316;22932;20325;19490;1102;498;1600;247;284;531;2414;7220;1619;881;2345;4844;6960;616;3495;3311;9537;102442;29820;72622;26807;6762;2295;1054;7817;2894;11765;18527;7663;814;8477;61;8;69;16217;2443;45814;64474;241;2506;41692;21829;2317;2729;5046;619;1869;2489;782;11641;323;12746;1548;19863;86;7720;7806;1636;8598;10234;3;336;512;851;27;661;689;284
2013-10-01;283201;152806;130395;239284;129654;83131;46523;16112;4299;3637;8896;13553;5279;27729;23091;20901;1161;460;1621;257;557;814;2369;7277;1633;313;2531;4477;6346;565;3269;403;8690;109630;32138;77492;28705;7118;2554;1104;8006;3442;12551;19669;8668;816;9484;64;17;81;16324;2430;48787;67541;263;2640;43918;23152;823;2925;3748;1162;1752;2915;607;12611;439;13657;2832;20766;141;7375;7516;1491;9317;10808;4;332;735;1071;91;902;994;376
2013-11-01;272926;147856;125070;230368;125335;82012;43323;17027;3931;3547;9619;12478;4138;26235;21368;19561;997;581;1578;211;774;985;2397;8092;1696;657;2394;4747;5616;516;1762;1093;9234;105033;30263;74770;27398;6501;2638;943;7610;3053;11606;18107;8185;770;8955;67;16;84;16387;2260;47371;66018;245;2873;42557;22521;1822;2645;4467;642;1581;2223;374;13026;518;13917;1914;20036;106;6670;6776;1291;9235;10527;0;460;808;1269;44;1074;1119;346
2013-12-01;324165;182483;141683;262220;143698;98177;45521;17737;3993;4246;11597;14968;4496;31061;23170;19945;1113;767;1880;261;417;678;2654;9690;1610;999;2406;5015;7027;627;4862;2131;11589;118521;30831;87690;28126;6639;2531;908;6920;2947;10775;17414;9462;996;10459;77;3;80;16674;2392;59564;78630;238;2641;61946;38784;4758;3452;8210;634;1955;2588;995;22706;508;24209;3777;23161;87;8195;8282;1270;9946;11215;0;705;1130;1835;22;1269;1292;538
2014-01-01;258890;134191;124700;220684;112348;66244;46104;13652;3752;3853;6480;8238;3442;18160;22642;21046;834;463;1296;164;752;916;2078;6143;1613;308;2416;4337;5786;542;2219;336;7511;108337;31024;77313;27413;7013;2400;1140;7352;3579;12072;19085;8408;799;9207;65;1;66;17427;2441;49900;69768;227;2438;38206;21843;1282;1746;3028;840;1414;2255;821;13832;441;15094;1466;16363;51;3850;3900;1016;8525;9541;0;588;1177;1765;9;822;831;326
2014-02-01;261076;138129;122947;221066;114829;71782;43047;14628;3667;3354;7338;9890;3130;20358;21139;19480;978;666;1644;167;320;486;1909;7248;1651;302;2428;4381;8201;569;2110;210;7399;106237;32727;73510;27366;6606;2246;1157;8797;5548;15503;22109;7228;674;7902;50;0;50;18442;2562;46145;67149;220;2446;40010;23300;1357;2568;3925;2843;1569;4412;246;13065;225;13536;1428;16710;37;4433;4470;1022;9304;10326;0;258;513;771;10;740;750;394
2014-03-01;269914;148677;121237;229414;124029;80122;43907;16930;3492;3507;7569;9361;3158;20088;21417;20009;984;550;1534;230;369;599;2000;7951;1758;1221;2481;5461;8011;560;3288;2326;9834;105385;28848;76537;28114;6603;2191;1079;7494;3603;12175;18778;6654;659;7313;40;12;53;18515;2440;48423;69378;214;2490;40500;24648;1446;2334;3780;2470;1799;4269;132;13911;439;14482;2117;15853;63;5073;5136;880;8313;9193;0;142;385;527;9;710;719;278
2014-04-01;274446;147282;127163;233117;124741;81080;43661;15201;3675;4439;8901;13298;3240;25440;20885;20269;1006;594;1599;216;659;876;1781;7529;1828;516;2507;4851;7687;511;2732;1300;8311;108376;31075;77302;28104;6982;2466;1170;8141;3649;12960;19941;7589;650;8239;68;3;70;17756;2729;49197;69682;224;2600;41329;22542;1467;2441;3908;1010;1527;2537;87;12352;212;12651;3445;18787;77;6551;6628;951;9425;10376;0;167;566;733;10;775;786;264
2014-05-01;281894;147222;134672;239948;127985;83976;44009;16170;3698;4321;8893;13324;3385;25602;20932;20492;1100;819;1919;220;515;735;1647;7932;1836;364;2585;4785;8865;483;4231;435;7938;111963;32068;79894;28451;7080;2696;1215;8640;3591;13447;20526;7694;733;8427;59;14;73;17690;2557;51443;71689;241;2801;41946;19237;1915;2508;4424;1912;1341;3253;73;8129;254;8457;3104;22709;99;8017;8115;1423;10935;12358;0;224;618;842;12;1010;1023;372
2014-06-01;285440;154176;131264;237567;129176;86173;43003;16085;3419;5747;7961;13014;3655;24629;20946;19926;1010;651;1661;245;499;744;1969;7276;1855;1325;2131;5312;8727;525;4845;659;9886;108390;30614;77776;28319;6650;2462;1092;8613;3639;13344;19994;6853;694;7547;53;1;54;17576;2458;49457;69490;262;2757;47873;25000;2571;4536;7107;1263;1285;2548;213;12322;130;12665;2680;22873;79;9038;9117;1327;10009;11336;0;272;623;896;12;1017;1029;495
2014-07-01;273713;138134;135579;232139;117292;72911;44381;14583;3587;4002;8059;9361;3139;20559;21198;20589;936;794;1730;228;308;537;1674;6534;1683;605;2594;4882;8058;708;2097;1413;7430;114847;31707;83140;28566;6906;2763;1173;7604;4091;12868;19774;7887;684;8571;47;1;49;16827;2583;54574;73983;236;3078;41574;20842;359;3202;3561;1101;1387;2488;889;11493;226;12608;2185;20732;118;5968;6087;1330;10711;12041;0;386;827;1213;13;995;1008;383
2014-08-01;271693;138502;133190;225830;116285;73550;42735;13731;3407;4142;6917;12304;3220;22441;20891;19258;1031;527;1558;225;528;753;1738;7151;1833;948;2586;5367;6998;451;3086;276;7820;109546;29596;79949;27352;6840;2634;1121;6703;3586;11410;18250;7664;658;8322;47;4;51;16694;2499;52597;71790;211;2762;45862;22218;369;3216;3585;970;1371;2341;690;12797;394;13881;2410;23645;120;9634;9754;1329;10050;11378;6;425;804;1235;13;1010;1023;254
2014-09-01;295760;155267;140494;246191;129822;86166;43656;16826;3637;5347;8402;11775;3569;23746;20726;20275;1279;826;2105;220;515;735;2596;8325;1759;1019;2655;5433;6401;615;3654;1153;11025;116369;32188;84182;28957;7344;2623;1158;6892;3701;11751;19094;8502;732;9234;51;2;53;15767;2430;55225;73421;237;3569;49569;25445;767;3399;4166;824;1904;2728;886;13634;526;15046;3505;24124;224;9056;9280;1499;10744;12243;13;395;825;1233;14;1014;1028;341
2014-10-01;295130;148079;147051;247956;123865;79447;44418;15636;3718;3190;7754;12100;3841;23695;21323;20259;1203;844;2047;235;274;509;2352;8191;1925;401;2836;5162;8574;515;2437;231;8353;124091;38130;85961;29041;7458;2627;1114;10145;6001;17259;24718;8654;734;9388;57;58;115;16357;2360;56920;75637;245;3664;47174;24214;250;2620;2870;1250;1694;2944;1017;13885;624;15526;2874;22960;256;7699;7955;1485;11112;12597;10;358;813;1182;15;880;895;331
2014-11-01;275246;142273;132972;233007;120617;78224;42393;14961;3346;3833;7131;12124;4288;23543;20113;19137;1003;443;1446;230;291;521;2118;8202;1917;349;3143;5409;6701;491;3425;699;8939;112390;32741;79649;27452;6473;2589;967;7755;5363;14085;20558;8138;650;8787;59;2;61;16119;2324;52197;70639;203;3132;42238;21656;1233;2467;3700;1487;1609;3096;271;11535;219;12024;2836;20582;235;6934;7169;1317;9765;11082;13;328;734;1075;15;977;992;264
2014-12-01;336989;182798;154191;278564;148459;100627;47832;19661;3635;6535;9910;15715;5264;30889;23827;20992;1180;654;1835;305;387;692;2831;10108;1960;903;3013;5877;8331;619;3625;817;11049;130105;33095;97011;29447;7215;2786;847;6740;4472;12058;19273;10125;856;10981;75;2;76;15961;2543;67563;86067;198;2567;58424;34339;755;3764;4519;2055;1955;4010;418;21958;553;22929;2881;24086;170;8737;8907;1882;10495;12377;12;415;967;1394;14;1108;1123;285
2015-01-01;258635;127678;130957;225064;112047;66298;45749;12335;3043;3335;7325;9224;3242;19791;21478;21271;701;493;1195;236;794;1030;1423;5877;1923;322;3000;5244;9413;505;2035;275;6041;113017;28597;84420;28737;7072;2738;983;6398;4221;11603;18674;7797;612;8408;44;2;46;17388;2583;55683;75654;180;1288;33571;15631;711;1708;2419;1696;1529;3225;189;7818;294;8301;1686;17940;119;3844;3964;1731;10074;11805;0;407;701;1109;11;882;893;169
2015-02-01;229875;115139;114736;203089;102067;60061;42006;12136;2846;3931;6568;7358;3002;16927;19487;19736;637;308;944;124;341;465;1325;6653;1863;555;2783;5201;6234;558;1735;260;6046;101022;25450;75572;27868;6281;2591;864;6092;4347;11302;17584;5961;508;6469;45;15;60;17111;2587;47704;67402;157;1181;26785;13071;311;2072;2384;1266;932;2198;134;7021;295;7451;1039;13714;203;3386;3589;1145;7358;8504;0;71;646;717;10;765;775;130
2015-03-01;291275;154414;136861;253029;133943;84546;49397;16201;3276;5036;8516;12865;3784;25165;22811;23165;914;383;1297;146;374;521;2016;8105;1962;1006;3421;6390;8091;627;3028;1069;10114;119086;31009;88077;32214;8269;3546;1085;7265;4414;12764;21033;7321;608;7928;104;0;104;17458;2783;55863;76104;186;1757;38247;20472;2100;2174;4274;875;1120;1994;33;11867;309;12209;1995;17775;347;4093;4440;1628;9951;11579;0;25;787;812;15;860;875;69
2015-04-01;270008;140356;129652;233516;121802;73416;48386;13859;3029;3793;7400;10172;3365;20937;22502;22467;827;525;1352;161;436;598;1616;6239;2050;404;3417;5871;12246;596;2681;79;6392;111715;28043;83672;30990;7421;3436;991;6774;3776;11541;18962;6537;555;7092;108;0;108;16919;2702;52682;72303;174;1706;36492;18554;5001;1847;6848;757;1106;1863;71;8304;305;8679;1164;17938;253;4185;4438;1538;10360;11898;0;33;670;703;13;832;845;54
2015-05-01;268569;139693;128876;234794;121545;76146;45399;13362;2905;3851;7719;10943;3338;21999;20551;21520;776;668;1444;159;327;486;1454;6286;2049;441;3328;5818;11337;505;3274;381;8862;113250;27545;85705;30346;7125;3247;996;6604;3875;11475;18600;6404;583;6987;92;20;112;16081;2609;55359;74049;176;1670;33774;18148;1228;1831;3060;920;1002;1922;105;10860;484;11450;1717;15626;222;5189;5411;1283;7195;8478;0;24;745;769;13;920;934;35
2015-06-01;288714;155781;132932;246950;132801;85227;47574;15444;2983;4423;7695;12117;3027;22840;21649;22655;772;502;1274;161;292;452;1584;7498;2023;900;3270;6193;10807;523;8029;120;9251;114149;28604;85544;31544;7567;3379;967;6556;3952;11475;19041;6703;592;7295;110;9;119;15375;2833;54000;72208;181;1968;41764;22980;1300;4804;6105;1144;1215;2359;152;11874;533;12559;1957;18784;288;7296;7583;1261;7571;8832;0;51;1249;1300;15;1005;1020;48
2015-07-01;270957;137705;133252;234452;119828;72070;47758;13092;2991;4362;6488;11146;2261;19895;21664;22455;836;480;1316;132;431;563;1428;6583;2030;502;3639;6172;9877;512;2813;480;8157;114625;28638;85987;30852;7068;3564;929;6234;3981;11144;18211;6998;555;7553;118;2;120;14539;2803;55135;72476;177;2576;36505;17877;727;3143;3870;925;1045;1970;88;7450;264;7802;4235;18628;328;7596;7924;1189;7728;8916;0;47;684;731;15;1010;1025;32
2015-08-01;260543;128850;131692;224672;113589;68457;45132;13572;2765;4593;5223;9257;2990;17470;20169;21463;802;367;1168;213;255;468;1390;6894;2038;401;3500;5939;7482;611;3628;274;8142;111083;26874;84209;30319;6871;3444;897;6311;3809;11016;17887;6403;528;6931;95;0;95;14703;2971;53890;71564;160;1800;35871;15261;700;3293;3993;986;1101;2087;196;7404;399;8000;1183;20610;440;10199;10639;1102;7206;8308;0;42;613;655;13;964;976;31
2015-09-01;275332;146433;128899;235886;125484;79891;45593;16624;2851;6588;6572;8591;3016;18178;20424;21590;792;349;1140;154;242;396;1897;6685;2070;920;3579;6569;10649;423;4928;1036;8495;110402;27139;83263;30430;6686;3380;929;6964;3556;11449;18136;6226;508;6734;95;1;96;14942;2584;52834;70360;170;2003;39446;20950;4830;3098;7928;966;1059;2025;73;8067;395;8534;2462;18497;435;8467;8902;1101;6878;7979;0;27;683;709;13;840;853;53
2015-10-01;261153;136004;125149;226431;116933;70973;45960;14556;2634;4824;5533;10489;3236;19258;20899;21710;758;328;1086;117;411;528;1648;6171;2167;474;3351;5991;9120;470;3682;256;6740;109498;23201;86297;30977;5940;3015;796;5367;2593;8756;14696;5943;517;6460;88;3;91;15642;2480;55320;73441;159;1794;34722;19070;903;2721;3624;853;940;1793;1291;10779;289;12360;1293;15652;626;6238;6864;1060;5976;7036;0;37;934;971;9;724;733;48
2015-11-01;267109;136284;130825;233154;118519;74162;44357;14802;2579;5127;5787;10185;3233;19205;19939;21215;767;316;1084;132;224;357;1549;6600;2068;424;3203;5695;8712;642;4450;1569;7487;114635;25703;88932;31090;6234;3427;716;7275;2594;10585;16819;6154;556;6709;103;1;105;15637;2350;57842;75829;156;1914;33956;17765;524;3036;3560;1042;1021;2064;327;9476;356;10160;1981;16190;382;6733;7115;910;6240;7149;0;49;865;914;12;930;943;70
2015-12-01;312270;171971;140300;265343;143840;97966;45874;19463;2653;7580;6965;14718;3589;25272;21695;21233;852;474;1326;209;474;683;1840;8646;1942;1259;2946;6147;11326;411;5571;2568;10629;121503;26473;95030;30202;7329;3229;605;5925;2411;8941;16270;7098;619;7717;117;1;118;14545;2307;64827;81679;156;2213;46927;28130;797;3591;4388;878;1239;2116;978;14904;752;16634;4992;18797;468;8153;8621;1100;7089;8190;0;33;771;804;13;1103;1116;66
2016-01-01;221091;107005;114085;200658;97151;55260;41891;11431;2132;5004;4691;6018;2345;13054;19028;19937;566;260;827;112;248;360;945;4082;1887;441;2926;5254;8306;372;1844;455;6446;103508;22588;80920;27936;6199;3053;710;4729;3481;8920;15119;5520;467;5988;85;0;85;15242;2284;52983;70509;127;1269;20433;9855;374;1407;1782;434;842;1276;511;5023;358;5893;904;10578;308;3158;3467;753;4597;5350;0;25;956;981;10;748;757;23
2016-02-01;226223;108863;117361;205487;99433;57659;41774;10608;2093;5332;5239;6055;2467;13761;19024;19582;634;470;1104;90;203;293;1142;5381;1909;501;3168;5579;7512;292;2319;401;7420;106054;23413;82641;29751;6380;2415;730;4979;4115;9824;16203;5199;470;5669;88;0;89;16324;2373;52890;71587;120;1332;20736;9430;562;1314;1876;786;688;1474;385;3923;306;4615;1465;11306;213;3703;3916;767;5037;5804;0;20;785;805;10;756;765;16
2016-03-01;260281;133022;127259;231281;118772;74020;44752;14445;2280;7028;6804;7493;2552;16849;20779;20759;708;303;1011;153;276;428;1230;6944;1698;517;3214;5429;10994;326;3244;635;8607;112509;25363;87146;31369;7204;2562;795;5371;3907;10074;17278;5988;481;6469;102;1;103;15036;2614;55777;73427;124;1389;29000;14250;3314;1868;5182;1223;934;2157;121;4706;383;5209;1701;14750;330;5495;5825;900;6333;7233;0;26;858;884;12;773;785;23
2016-04-01;239653;118963;120691;211721;105583;64327;41256;12015;2033;5523;5281;7666;2326;15273;18781;19246;678;499;1176;127;195;322;1065;5345;1553;518;3229;5299;10238;306;2770;351;7909;106139;23829;82309;29801;6691;2338;856;5321;3662;9840;16531;5270;409;5679;67;0;67;15233;2443;52508;70185;110;1442;27932;13380;1930;1831;3761;1012;1002;2013;393;5806;291;6490;1115;14552;355;5529;5884;790;6100;6889;0;33;900;933;11;801;812;34
2016-05-01;254322;124728;129595;227095;112566;69995;42571;13050;2080;5965;5569;7845;2042;15455;19227;19824;669;482;1151;106;209;315;1131;5819;1503;560;3520;5583;13787;268;3087;430;7455;114529;25304;89226;31392;6858;2531;852;5649;3925;10426;17284;5607;473;6080;42;2;44;15093;2601;57834;75528;116;1780;27227;12162;1793;2281;4074;947;1006;1952;290;4245;274;4809;1326;15065;360;5726;6085;810;6348;7159;0;27;874;901;10;885;896;24
2016-06-01;267408;134026;133381;229664;115862;73461;42401;14648;1992;6885;7029;7995;2427;17452;19617;19350;802;345;1147;121;361;482;1322;6135;1548;490;3434;5472;9021;260;4195;244;9678;113802;26955;86847;30363;7072;2584;916;5817;4378;11111;18183;5891;453;6344;40;2;42;14793;2591;56484;73868;111;2275;37744;18164;2317;4339;6656;1140;1618;2757;629;5763;354;6745;2005;19580;481;9683;10163;813;6642;7456;0;56;881;937;11;987;998;26
2016-07-01;234469;109760;124708;205877;95447;55189;40258;11506;1815;3469;4847;6686;1594;13127;18736;18229;810;319;1129;110;285;395;984;5629;1450;375;3293;5118;8068;211;1582;294;6981;110430;25062;85368;28738;6179;2342;815;5594;4080;10488;16667;5858;457;6315;31;1;32;14137;2458;56630;73225;100;1948;28591;14313;1294;2192;3485;796;1073;1869;2666;4045;382;7093;1865;14278;329;5380;5708;764;6132;6896;0;30;754;783;10;859;869;21
2016-08-01;251986;115250;136737;221869;102841;60915;41926;13049;1933;4699;4731;7428;1717;13876;18788;19366;896;382;1278;121;152;273;1285;6657;1405;453;3772;5630;6867;317;2178;164;8338;119029;27191;91838;31193;6555;2534;921;6118;4376;11414;17970;6378;510;6888;31;2;33;14409;2418;60645;77472;111;2189;30117;12409;1107;2778;3885;645;745;1390;1828;3684;343;5855;1280;17708;486;8198;8685;827;6751;7578;0;34;615;649;11;740;750;45
2016-09-01;247578;123879;123699;219440;110601;70584;40017;15604;1662;6866;4684;10020;1691;16395;18442;18133;765;371;1136;111;197;309;1391;6360;1462;475;3442;5380;7560;306;3449;369;9177;108839;22352;86487;29794;5618;2103;785;4742;3103;8630;14248;5837;445;6282;37;3;41;14866;2291;56693;73850;95;1686;28138;13278;1017;2684;3701;847;771;1618;1078;4820;348;6245;1714;14859;422;7257;7679;710;5055;5766;0;24;712;736;6;639;645;32
2016-10-01;241097;112895;128202;216059;101911;62861;39050;14418;1631;5176;5199;8893;1652;15744;16999;18156;668;499;1167;112;956;1068;1041;5916;1550;354;3895;5799;7249;223;1542;81;7606;114147;24277;89871;30805;6291;2260;715;5376;3753;9843;16134;5991;432;6422;34;1;35;15402;2335;59065;76803;100;1585;25038;10984;1208;2260;3467;495;700;1195;1037;3961;384;5382;939;14055;483;5796;6278;772;5272;6044;0;15;920;935;8;782;791;6
2016-11-01;256250;119709;136541;227695;107195;68973;38222;15552;1626;6161;5616;9559;1557;16732;17032;17802;717;359;1076;158;216;374;1272;6644;1553;459;3388;5400;7824;294;2511;282;8624;120500;25248;95252;30656;5931;2262;715;5259;4243;10216;16147;6634;454;7088;36;5;41;15733;2332;64597;82662;101;1870;28555;12514;939;3704;4642;404;769;1173;513;4788;408;5708;991;16041;388;6641;7029;792;6242;7034;0;11;1049;1060;10;879;889;28
2016-12-01;289468;145139;144329;249582;126055;86306;39749;19676;1585;8143;7361;10582;1830;19774;19169;17460;857;579;1436;124;391;515;1616;8267;1444;493;3120;5057;8031;314;3407;291;13253;123526;25259;98267;30253;5807;2174;696;4915;3835;9445;15252;7231;549;7780;38;0;39;14429;2269;68015;84712;95;2093;39886;19083;964;5081;6045;567;697;1264;709;8308;475;9492;2282;20803;382;8300;8682;817;9008;9825;0;33;1209;1241;11;993;1004;50
2017-01-01;232184;103319;128865;212483;95720;57127;38593;12678;1442;5803;4071;7571;1076;12718;17930;17783;606;414;1020;79;207;285;944;4908;1391;451;2880;4722;6166;379;2577;18;8186;116764;25606;91157;30342;6195;2174;821;5417;4535;10773;16969;6662;475;7137;25;10;36;15301;2321;60815;78436;84;1381;19701;7599;329;2014;2343;510;514;1024;534;2650;309;3492;740;12101;185;4368;4553;589;5316;5906;0;12;962;975;9;648;656;12
2017-02-01;207477;93563;113914;187407;85414;52760;32654;14673;1237;5333;3591;6181;1130;10902;15245;14712;663;239;902;90;120;210;806;5026;1193;294;2697;4183;6942;163;2592;33;3942;101993;24134;77859;25714;5769;1884;742;5569;4846;11157;16926;5772;356;6129;23;0;23;13859;2186;52145;68190;72;984;20070;8149;641;1833;2474;299;560;860;462;3411;258;4132;684;11921;194;4069;4263;499;5614;6113;0;11;811;822;7;709;716;7
2017-03-01;274379;130131;144248;249510;120173;77910;42263;20886;1492;9108;4753;9662;1602;16017;18672;19439;919;544;1463;120;263;382;1207;7464;1316;550;4152;6018;9783;316;4368;167;5257;129337;28938;100398;34159;6915;2319;886;6400;5103;12389;19304;7417;467;7884;33;10;42;16576;2634;66240;85449;88;1620;24869;9957;1442;2198;3640;352;728;1080;566;3447;248;4262;976;14912;342;6118;6460;648;6275;6922;0;8;760;767;12;738;749;12
2017-04-01;227886;104394;123492;202388;92445;57829;34616;14997;1222;5914;2898;6883;1220;11000;16010;15637;792;234;1026;128;139;267;900;5237;746;41;2969;3756;7666;202;2268;2606;4524;109942;24855;85087;28447;6178;1748;791;6095;4070;10956;17134;5909;393;6301;24;5;29;14416;2673;56640;73729;68;1322;25499;11949;2798;1664;4462;337;465;802;265;5322;358;5944;741;13549;351;5437;5788;478;5828;6306;0;6;758;764;11;674;685;6
2017-05-01;260949;116359;144590;233296;105398;66857;38541;17774;1394;7015;4199;7417;1201;12817;17109;17705;963;427;1391;197;188;384;1113;7047;1070;163;3727;4961;8435;290;4232;200;4766;127898;30581;97317;32003;7392;2230;967;6985;5798;13750;21142;7280;473;7753;29;0;30;16248;4812;65314;86374;83;1574;27653;10961;2125;2248;4373;288;526;813;331;4249;259;4840;935;16692;575;6550;7124;564;7221;7786;0;14;906;920;13;834;847;15
2017-06-01;278300;134835;143465;244643;120903;85091;35812;24822;1303;8684;4192;10148;1711;16051;15893;16424;983;392;1375;108;257;365;1209;7486;1394;106;3495;4995;8388;352;10683;134;4238;123740;29992;93748;30550;7375;1971;900;7110;4955;12966;20341;7010;447;7457;24;0;25;14895;3644;63198;81737;79;2090;33657;13932;2918;5044;7962;219;585;805;403;3526;221;4150;1015;19725;707;9022;9728;543;7476;8019;0;21;1050;1071;11;885;896;11
2017-07-01;240687;103482;137205;215887;93596;58659;34937;18504;1232;6162;2940;6694;1139;10773;15574;15840;956;351;1307;149;214;364;946;6828;1240;90;3523;4853;7853;388;1430;58;2814;122292;27957;94335;29511;6532;1686;880;6345;4752;11977;18508;7136;470;7606;28;5;33;15136;3587;64824;83547;74;1735;24799;9886;805;1691;2495;305;465;770;311;4896;246;5454;1168;14913;448;5000;5448;462;7276;7738;0;16;913;929;10;779;789;9
2017-08-01;266033;119164;146869;236178;109656;73227;36429;20335;1326;7950;3418;7285;1250;11954;15691;16612;1156;270;1426;134;192;326;1031;7946;1209;82;4126;5417;6059;408;11140;189;3138;126522;30702;95820;30740;6920;1817;1049;7259;4956;13264;20183;8110;494;8604;29;14;43;14936;3399;65080;83415;80;1792;29854;9508;1235;2396;3631;293;564;856;194;3055;379;3628;1393;20347;762;10050;10812;586;7409;7995;0;8;657;665;11;844;855;19
2017-09-01;251855;116090;135764;225178;106287;71192;35095;23142;1205;9925;3794;6822;1374;11990;15726;15656;1103;392;1494;104;259;363;1227;7101;1424;76;3713;5213;7487;318;3572;164;3204;118891;27933;90958;29084;6635;1690;909;6382;4240;11531;18166;7274;446;7721;28;9;37;15934;3209;61874;81017;78;1931;26677;9803;1899;2443;4342;151;483;634;206;3577;150;3933;895;16874;598;8665;9262;504;5636;6140;0;5;726;732;10;719;729;11
2017-10-01;264017;117530;146487;236677;106968;70182;36786;19713;1331;11144;3579;7628;1485;12691;16054;16811;1214;497;1712;133;695;828;1073;7225;1280;79;3921;5280;6939;262;2829;248;4186;129709;30018;99690;31579;6877;1892;978;6709;4940;12627;19504;8021;477;8498;27;6;33;16439;3301;68111;87851;88;1896;27340;10562;1493;2930;4423;238;456;694;422;3241;264;3927;1518;16778;608;8016;8624;570;5664;6234;0;19;1087;1106;9;787;796;18
2017-11-01;271125;121881;149244;245740;112314;72079;40235;22314;1307;10838;3917;8189;1622;13728;17061;17178;1224;247;1470;119;187;306;1124;7626;1539;76;5996;7611;7023;290;2526;149;3378;133426;29565;103861;31661;6601;2005;923;6537;4965;12424;19025;8218;513;8731;33;6;39;17443;3306;72200;92949;82;1687;25384;9567;1177;2399;3576;191;495;686;388;3697;306;4392;913;15818;453;7056;7508;495;5786;6281;0;23;1079;1102;9;892;902;25
2017-12-01;305726;156212;149514;273365;139801;100158;39643;32218;1279;15259;5085;10706;2587;18378;17015;17888;1328;392;1720;183;302;486;1480;9137;1958;69;4740;6767;7876;300;4560;1185;6280;133564;29776;103788;29269;7106;1883;772;6504;4696;11972;19078;8483;552;9035;39;3;42;16064;3134;74519;93717;78;1544;32361;16412;3477;2458;5935;414;555;970;431;7709;293;8433;1073;15950;420;7301;7721;554;5670;6224;0;18;976;994;9;980;990;21
2018-01-01;255548;109916;145632;236917;103533;64312;39221;20038;1223;10482;3510;6365;1301;11175;17325;17876;1187;315;1503;100;225;326;894;5519;932;73;4020;5026;5996;280;4495;82;2300;133384;31018;102366;30985;7571;2106;1073;6305;5772;13150;20722;8552;506;9058;29;3;32;15846;3262;71380;90488;84;1123;18631;6383;1068;1362;2430;135;352;487;303;2304;210;2816;649;12248;309;4302;4611;563;5525;6088;0;10;705;716;8;816;824;10
2018-02-01;244817;114247;130570;227245;107978;72543;35435;19637;1093;11272;3774;5837;1264;10875;15485;16072;1200;552;1752;142;144;286;878;5847;862;70;3878;4811;9414;402;9191;125;1770;119267;28017;91250;29492;6956;1806;901;6723;5103;12728;19684;6926;402;7328;21;4;25;15722;3357;61759;80837;74;906;17572;6269;917;1727;2644;200;334;533;89;2082;123;2294;798;11303;291;3967;4258;572;5195;5768;0;22;524;546;8;715;722;9
2018-03-01;281668;135803;145865;257883;126197;87101;39096;25721;1191;13255;3548;9348;1486;14383;16465;17096;1703;341;2044;135;206;342;916;8271;918;81;5535;6534;12772;291;5636;69;2211;131686;31770;99916;30681;7741;1992;1002;7196;5171;13369;21110;8606;432;9038;34;6;40;15901;3775;69235;88912;88;1494;23785;9606;2737;1946;4683;236;488;724;298;2625;241;3163;1035;14179;323;5673;5997;641;5949;6590;0;14;760;774;10;795;805;13
2018-04-01;280100;132459;147641;255152;122926;84100;38826;23641;1209;12191;2751;10692;1571;15015;16759;17460;1790;373;2163;130;259;390;811;7806;775;73;4607;5455;14641;336;3915;180;1802;132227;31527;100700;31665;7811;2099;1115;7174;5003;13292;21103;8462;442;8904;32;5;37;15045;3684;69035;87763;86;1397;24948;9534;2748;2121;4870;120;351;471;95;3137;145;3378;815;15414;282;6612;6894;765;6123;6888;0;8;755;763;10;847;857;12
2018-05-01;283919;130953;152966;255651;119829;80868;38961;24743;1211;11793;3266;7777;1512;12555;16652;17037;1655;344;1999;103;177;279;797;6531;866;81;5272;6219;13148;327;5750;140;1596;135822;33360;102462;30626;8394;2205;1145;7711;5628;14484;22879;8260;451;8710;29;1;30;14794;3875;71836;90505;83;1659;28268;11123;1757;2529;4286;91;379;470;168;5294;242;5705;663;17144;451;7451;7902;726;6741;7467;0;8;821;829;10;925;936;10
2018-06-01;292701;142325;150376;261880;130727;93421;37306;29339;1165;14735;3271;10032;2063;15366;16307;16675;1539;411;1950;88;232;320;881;8446;1272;76;4324;5672;11294;421;7253;439;1813;131153;32182;98971;30721;8082;2340;1068;7518;5364;13949;22032;7452;437;7889;29;0;29;15254;3812;68251;87317;77;2155;30821;11598;3544;2395;5939;252;336;589;381;3122;151;3654;1417;19223;550;9236;9786;778;6825;7604;0;12;814;826;9;989;999;9
2018-07-01;278588;126784;151804;253479;118020;79457;38563;25992;1201;11966;3120;7914;1618;12651;17059;17099;1705;445;2150;107;306;413;840;7831;966;82;4405;5454;9839;426;3965;89;2094;135459;32740;102719;30925;8186;2419;1158;7188;5564;13909;22095;8353;478;8831;34;3;37;15521;3969;71794;91284;76;1701;25109;8764;672;2078;2750;99;902;1001;219;3520;175;3914;1099;16345;388;6654;7042;757;6921;7679;0;12;725;737;10;856;866;21
2018-08-01;310499;142995;167504;274233;128992;90289;38703;27409;1219;12734;3794;9035;1878;14706;16728;17112;2084;423;2508;111;288;399;923;9775;751;80;4863;5693;11780;343;5152;109;3233;145241;35909;109332;30592;8712;2513;1252;8004;5641;14898;23610;9419;561;9980;41;0;41;14645;4083;78740;97468;80;2199;36266;14003;3890;3881;7771;211;573;784;225;4178;233;4637;811;22263;523;11953;12476;888;7177;8065;0;24;739;762;12;929;942;17
2018-09-01;277284;130584;146700;249207;121657;86353;35304;29838;1077;14399;3167;7530;1751;12448;15191;15643;1764;419;2183;126;266;392;846;8775;1244;72;4470;5787;9120;417;4025;101;2731;127550;31152;96398;27750;7473;2131;1012;7031;5229;13272;20745;8037;460;8496;38;8;46;14397;4170;68648;87216;68;1797;28077;8927;1078;2844;3922;358;564;923;77;2781;291;3149;933;19150;469;9412;9881;818;6617;7435;0;19;972;991;10;798;808;35
2018-10-01;303089;136866;166222;274448;128634;89580;39054;28547;1265;12989;3854;10449;2140;16444;16259;17794;2061;382;2443;134;354;488;1131;9020;956;81;5001;6038;10808;320;3029;125;2973;145814;36287;109527;31747;8947;2461;1202;7646;6020;14868;23815;9386;506;9891;52;4;56;15203;4214;77780;97196;83;2442;28641;8232;1184;2324;3508;149;528;678;93;2695;315;3103;943;20409;547;9112;9659;973;7304;8278;0;19;1475;1494;12;917;929;48
2018-11-01;307661;134628;173033;279941;124684;85549;39135;28526;1202;12173;3963;9823;2140;15926;16147;17753;2027;362;2389;91;189;280;1256;9467;984;84;5235;6303;7215;282;2744;104;3985;155258;35188;120070;31849;8559;2429;1154;7885;5124;14163;22722;9510;556;10066;49;2;51;16467;4508;88220;109195;76;2274;27720;9945;1209;1783;2992;179;467;646;123;4366;252;4741;1565;17775;548;7370;7918;617;6853;7470;0;7;1351;1358;11;977;988;41
2018-12-01;340431;170540;169892;303250;151323;112996;38327;38000;1143;19817;4746;10814;2584;18144;16679;16888;2194;480;2675;134;271;405;1344;11163;1322;81;4760;6163;10344;372;6251;93;3246;151927;34556;117371;29686;9752;2138;1004;6344;5337;12685;22437;9540;591;10131;53;10;63;14807;4184;87685;106675;68;1857;37181;19216;1619;1260;2879;592;620;1213;378;11958;412;12747;2377;17965;535;7249;7784;572;7358;7930;0;16;1127;1142;11;1080;1091;18
2019-01-01;283769;123953;159816;265018;116596;76202;40394;22358;1101;13259;3329;7492;1655;12476;16381;19006;1691;447;2138;83;1140;1223;742;5555;926;91;5007;6024;9642;358;5041;75;2235;148422;37144;111278;31004;10248;2468;1412;8328;5465;15205;25453;9663;547;10210;45;2;46;16402;4233;80274;100909;68;1367;18752;7357;1099;373;1472;129;323;451;57;4043;557;4657;776;11395;1185;2515;3700;520;5158;5678;0;13;1070;1083;10;916;926;8
2019-02-01;284069;129071;154998;262495;121315;84212;37103;25226;1065;14379;3368;8203;1840;13411;14999;16760;2138;482;2619;83;318;401;876;8563;856;94;5344;6295;9597;229;5221;113;2510;141180;36385;104796;30545;8932;2463;1326;8270;6848;16444;25376;9006;491;9497;43;0;43;16360;4452;74250;95063;62;1407;21574;7756;1367;1144;2511;110;435;545;13;3538;244;3795;904;13818;1348;2799;4147;503;7456;7958;0;9;804;814;12;881;893;7
2019-03-01;297305;141862;155443;275999;134714;96361;38353;30757;1049;15785;4332;9211;2454;15996;15635;17389;2433;579;3012;142;260;402;756;8880;1410;106;5329;6846;11792;217;4279;126;3309;141285;35188;106097;30331;8769;2561;1227;7933;6267;15427;24196;8586;473;9059;47;20;67;17123;4824;75767;97714;64;1802;21306;7148;1505;430;1935;113;366;479;5;3820;157;3981;752;14158;1876;3205;5081;440;6896;7336;0;11;819;830;10;886;896;15
2019-04-01;304313;135663;168650;281187;129204;89589;39615;25192;1150;13711;3493;9823;2449;15766;15619;18280;2905;545;3450;130;331;461;765;8400;866;105;5716;6687;12024;271;5024;108;3267;151983;38518;113465;32453;9324;2713;1620;8414;6552;16586;25910;9823;534;10357;55;0;55;16391;4897;81012;102300;66;2130;23126;6459;2154;1040;3193;138;417;555;23;1615;161;1798;912;16667;3039;4095;7133;494;7141;7635;0;12;857;869;13;1002;1015;15
2019-05-01;329324;151542;177782;302157;143706;102904;40802;30835;1220;14737;4476;11662;2532;18669;15736;18713;3122;629;3751;104;732;837;622;9858;1007;119;6353;7479;12885;384;5407;132;3566;158451;40496;117956;33282;10319;3237;1640;8978;6236;16854;27173;10196;559;10755;56;3;59;17155;5280;84673;107109;76;2432;27167;7837;2919;604;3523;121;366;487;91;2540;268;2898;929;19331;3743;5577;9321;536;7512;8048;0;12;844;856;15;1080;1095;11
2019-06-01;318258;151766;166492;287714;141549;105320;36229;35424;1100;15789;5184;11792;2795;19771;14308;17195;2763;761;3524;98;293;390;539;10586;1863;109;4726;6699;9592;324;5937;253;2091;146165;37410;108755;30885;9471;2979;1529;8886;5702;16117;25588;9118;474;9592;51;4;55;16515;4912;77870;99297;60;2114;30544;10218;2278;3197;5475;293;503;796;3;2676;220;2898;1049;20327;2723;7455;10178;484;8003;8487;0;7;499;506;13;1130;1143;13
2019-07-01;328506;143674;184832;301318;135449;94672;40777;29466;1173;13717;5598;11600;2532;19731;15892;19714;3147;865;4011;159;421;580;636;9669;1489;123;5171;6783;8969;292;3984;102;2343;165869;42327;123542;33651;10377;3422;1709;9414;6935;18058;28436;11207;591;11798;67;6;72;17490;5224;89892;112606;73;1947;27188;8225;1716;1634;3351;212;586;798;8;2579;204;2792;1285;18963;927;7681;8608;529;8167;8696;0;8;467;475;16;1130;1146;38
2019-08-01;332154;150672;181482;299568;139675;100686;38989;31979;1139;13679;5526;11106;2342;18973;14655;18422;3361;871;4232;165;261;426;709;10352;1116;120;5912;7148;12241;284;3868;151;2653;159893;41659;118234;32420;10110;3381;1597;9373;6789;17760;27869;10921;554;11475;24;13;37;16578;5088;85814;107480;67;2211;32586;10997;2505;2782;5287;235;473;708;17;3691;232;3939;1063;21589;849;11594;12443;638;6605;7244;0;11;689;700;16;1114;1130;73
2019-09-01;340090;159074;181016;308321;149510;110842;38668;38348;1133;17310;5017;10964;2835;18816;13636;19062;3584;994;4578;159;459;618;838;11363;1412;121;5970;7503;10628;323;3820;206;2862;158811;41243;117568;31640;9946;3566;1497;10135;6396;18028;27974;10534;535;11070;7;4;11;16300;4885;85928;107114;64;2124;31769;9564;2451;2948;5400;163;534;698;27;1900;209;2135;1331;22206;921;10003;10924;1129;7848;8976;0;7;1143;1150;14;1062;1076;79
2019-10-01;351411;156937;194475;317159;147031;105973;41058;32272;1232;16617;5392;12967;2692;21050;14717;19769;3865;904;4769;219;363;582;914;9934;842;122;6572;7536;8208;383;5057;126;4831;170128;45760;124367;33020;12041;3451;1626;10276;7331;19232;31273;11652;585;12237;7;6;13;16601;5178;91347;113126;73;2164;34253;9906;2449;2612;5061;139;587;726;20;2413;263;2696;1424;24347;1107;9136;10243;1693;9526;11219;0;16;1546;1562;17;1233;1250;73
2019-11-01;346660;158826;187834;315868;148522;109725;38797;35987;1133;16543;5958;12418;2850;21226;14253;18182;3596;816;4412;120;445;565;811;10363;917;126;6362;7405;9696;412;4635;164;3779;167346;41410;125936;32190;10333;3244;1407;9755;6391;17554;27887;11134;553;11687;4;2;5;17403;4774;93746;115923;62;1769;30793;10304;2245;1703;3948;123;496;619;36;3655;300;3991;1745;20489;990;6986;7976;673;8783;9456;0;20;1703;1723;15;1287;1302;33
2019-12-01;405495;199492;206003;373594;188630;148516;40114;48816;1222;27362;8303;16293;3873;28469;15471;19261;3632;901;4533;151;625;777;1056;13729;2371;151;5382;7904;10347;574;5761;165;5702;184965;45183;139781;31717;11251;3278;1338;11047;6724;19109;30360;12133;649;12782;6;8;13;16285;4710;108064;129059;64;1964;31900;10862;2258;1538;3796;221;555;776;23;3478;634;4135;2156;21038;1594;6965;8559;663;9077;9740;0;10;1251;1262;14;1424;1438;39
2020-01-01;322534;138542;183992;302374;133136;93069;40067;29539;1123;20270;5554;8996;2210;16760;14614;19883;2674;796;3470;69;421;490;591;6586;869;141;5570;6580;7201;521;3680;46;2793;169238;43352;125886;31444;11760;3451;1636;10026;6641;18303;30062;11413;548;11961;6;1;7;18517;4775;94443;117734;62;1260;20159;5406;753;697;1450;293;396;689;10;1054;173;1237;2030;14753;1135;3957;5092;633;7087;7720;0;3;683;685;12;1154;1166;91
2020-02-01;308695;140802;167893;288656;135364;98468;36896;31558;999;20904;4655;8652;2324;15632;13286;18508;2783;819;3602;119;380;499;561;8047;994;140;5102;6236;7935;272;5033;386;3040;153292;40132;113160;29824;10274;3053;1419;9697;7668;18784;29058;9399;467;9866;9;5;14;17476;5050;83336;105862;57;1137;20039;5438;1035;1160;2195;170;297;468;11;1620;102;1733;1042;14601;1217;3755;4972;601;7222;7824;0;14;622;636;12;1102;1114;56
2020-03-01;396763;224751;172012;369973;216275;175085;41190;44901;1139;31072;11586;14171;3417;29174;17169;19556;3217;979;4196;95;387;481;827;8643;2952;170;4465;7587;31562;622;18415;452;3602;153698;41923;111775;31693;12417;5979;1437;9396;7988;18821;31238;8649;392;9041;7;2;9;18873;5545;80082;104500;58;1577;26790;8476;1983;1791;3774;436;849;1285;21;1747;196;1964;1452;18314;2320;5148;7468;559;8525;9084;0;19;728;747;12;946;958;57
2020-04-01;297024;156643;140445;266344;144752;117538;27214;25117;659;11920;23487;18862;2420;44769;10138;13965;1351;859;2211;22;645;666;301;3024;1128;195;3111;4435;13870;419;10255;407;3918;121500;35640;85860;24726;11994;8667;1149;7808;8425;17381;29375;4338;338;4676;2;2;4;18682;5995;61134;85812;44;1542;30766;11821;2683;1900;4583;469;710;1179;132;4208;224;4564;1496;18945;2260;6744;9004;576;7463;8039;0;15;557;571;13;1280;1293;38
2020-05-01;285711;142097;143614;251596;127439;101872;25567;25303;542;13776;14031;17143;2018;33192;9363;12858;1673;908;2580;17;210;227;591;4037;1017;209;3346;4572;8865;312;9135;256;3054;124156;34847;89310;22036;9647;9335;1157;8409;7072;16638;26285;6259;457;6717;2;0;2;16215;5178;67274;88667;39;1804;34115;14658;2379;1700;4079;543;784;1326;635;5456;240;6332;2920;19457;2225;7659;9883;520;7553;8074;0;20;605;626;18;833;851;24
2020-06-01;322147;158501;163646;284623;143217;118312;24905;30658;549;18540;10491;25996;2424;38911;9963;11159;2549;1170;3720;36;169;205;515;6504;1823;190;3783;5796;7849;521;3323;2760;4258;141406;41947;99458;22835;11525;7073;1174;9165;8371;18710;30236;9096;641;9737;5;1;6;15974;4339;76623;96936;42;1928;37524;15284;2590;2078;4668;370;559;929;562;5136;156;5854;3832;22241;2052;8396;10447;634;9464;10098;0;18;535;553;21;1093;1114;29
2020-07-01;341647;166813;174834;286427;136246;111354;24892;26982;547;16591;7056;29195;1976;38227;9155;11504;3253;928;4182;72;742;814;641;8485;1676;153;4233;6062;7401;413;1056;206;5810;150181;42822;107359;23417;9449;4960;1158;10766;8475;20399;29848;10767;642;11409;4;10;14;12139;3846;83942;99927;44;1508;55220;30567;2270;3362;5632;525;572;1097;307;4403;173;4883;18955;24653;916;10755;11671;760;10724;11483;0;17;419;436;21;994;1015;47
2020-08-01;344483;162005;182477;289271;135771;111180;24591;31113;500;17011;6589;21963;2327;30880;9040;11198;2874;956;3830;80;314;394;813;9253;854;129;4353;5335;8986;549;2030;321;5500;153500;44364;109136;23508;10219;4128;1071;10025;9548;20644;30863;10925;718;11643;4;2;6;12410;3407;85628;101445;42;1810;55212;26234;2473;2322;4795;365;388;753;114;5516;141;5770;14916;28977;1191;12739;13930;1156;11586;12742;0;11;1244;1256;15;968;983;67
2020-09-01;367009;178868;188141;310479;150185;125822;24363;36801;518;20381;7842;28950;2714;39506;8296;11237;3274;1288;4562;51;442;493;1073;9920;1078;117;4830;6026;7415;427;748;311;3670;160293;47441;112853;24123;12292;4174;1211;11841;7425;20477;32769;11976;688;12664;2;0;2;13473;3627;88729;105829;43;1963;56530;28683;3688;2131;5819;697;417;1114;165;2464;107;2736;19014;27847;1405;11108;12513;1267;11317;12583;0;6;1873;1879;14;754;768;104
